Branch ID,Date,Week Number,Day,Budget (Â£),Forecast (Â£)
B001,2024-01-01,1,Monday,1571.0,1609.0
B002,2024-01-01,1,Monday,1786.0,1763.0
B003,2024-01-01,1,Monday,2143.0,2132.0
B004,2024-01-01,1,Monday,1429.0,1478.0
B005,2024-01-01,1,Monday,1071.0,1124.0
B006,2024-01-01,1,Monday,1357.0,1332.0
B001,2024-01-02,1,Tuesday,1571.0,1534.0
B002,2024-01-02,1,Tuesday,1786.0,1758.0
B003,2024-01-02,1,Tuesday,2143.0,2140.0
B004,2024-01-02,1,Tuesday,1429.0,1406.0
B005,2024-01-02,1,Tuesday,1071.0,1089.0
B006,2024-01-02,1,Tuesday,1357.0,1383.0
B001,2024-01-03,1,Wednesday,1571.0,1537.0
B002,2024-01-03,1,Wednesday,1786.0,1813.0
B003,2024-01-03,1,Wednesday,2143.0,2080.0
B004,2024-01-03,1,Wednesday,1429.0,1439.0
B005,2024-01-03,1,Wednesday,1071.0,1122.0
B006,2024-01-03,1,Wednesday,1357.0,1403.0
B001,2024-01-04,1,Thursday,1571.0,1599.0
B002,2024-01-04,1,Thursday,1786.0,1779.0
B003,2024-01-04,1,Thursday,2143.0,2114.0
B004,2024-01-04,1,Thursday,1429.0,1437.0
B005,2024-01-04,1,Thursday,1071.0,1063.0
B006,2024-01-04,1,Thursday,1357.0,1411.0
B001,2024-01-05,1,Friday,1571.0,1551.0
B002,2024-01-05,1,Friday,1786.0,1772.0
B003,2024-01-05,1,Friday,2143.0,2217.0
B004,2024-01-05,1,Friday,1429.0,1417.0
B005,2024-01-05,1,Friday,1071.0,1062.0
B006,2024-01-05,1,Friday,1357.0,1324.0
B001,2024-01-06,1,Saturday,1571.0,1583.0
B002,2024-01-06,1,Saturday,1786.0,1770.0
B003,2024-01-06,1,Saturday,2143.0,2231.0
B004,2024-01-06,1,Saturday,1429.0,1419.0
B005,2024-01-06,1,Saturday,1071.0,1105.0
B006,2024-01-06,1,Saturday,1357.0,1369.0
B001,2024-01-07,1,Sunday,1571.0,1583.0
B002,2024-01-07,1,Sunday,1786.0,1870.0
B003,2024-01-07,1,Sunday,2143.0,2233.0
B004,2024-01-07,1,Sunday,1429.0,1395.0
B005,2024-01-07,1,Sunday,1071.0,1060.0
B006,2024-01-07,1,Sunday,1357.0,1336.0
B001,2024-01-08,2,Monday,1571.0,1638.0
B002,2024-01-08,2,Monday,1786.0,1812.0
B003,2024-01-08,2,Monday,2143.0,2142.0
B004,2024-01-08,2,Monday,1429.0,1481.0
B005,2024-01-08,2,Monday,1071.0,1069.0
B006,2024-01-08,2,Monday,1357.0,1390.0
B001,2024-01-09,2,Tuesday,1571.0,1553.0
B002,2024-01-09,2,Tuesday,1786.0,1736.0
B003,2024-01-09,2,Tuesday,2143.0,2198.0
B004,2024-01-09,2,Tuesday,1429.0,1425.0
B005,2024-01-09,2,Tuesday,1071.0,1068.0
B006,2024-01-09,2,Tuesday,1357.0,1346.0
B001,2024-01-10,2,Wednesday,1571.0,1555.0
B002,2024-01-10,2,Wednesday,1786.0,1814.0
B003,2024-01-10,2,Wednesday,2143.0,2136.0
B004,2024-01-10,2,Wednesday,1429.0,1435.0
B005,2024-01-10,2,Wednesday,1071.0,1056.0
B006,2024-01-10,2,Wednesday,1357.0,1371.0
B001,2024-01-11,2,Thursday,1571.0,1597.0
B002,2024-01-11,2,Thursday,1786.0,1792.0
B003,2024-01-11,2,Thursday,2143.0,2148.0
B004,2024-01-11,2,Thursday,1429.0,1494.0
B005,2024-01-11,2,Thursday,1071.0,1043.0
B006,2024-01-11,2,Thursday,1357.0,1352.0
B001,2024-01-12,2,Friday,1571.0,1589.0
B002,2024-01-12,2,Friday,1786.0,1818.0
B003,2024-01-12,2,Friday,2143.0,2086.0
B004,2024-01-12,2,Friday,1429.0,1414.0
B005,2024-01-12,2,Friday,1071.0,1044.0
B006,2024-01-12,2,Friday,1357.0,1317.0
B001,2024-01-13,2,Saturday,1571.0,1564.0
B002,2024-01-13,2,Saturday,1786.0,1791.0
B003,2024-01-13,2,Saturday,2143.0,2226.0
B004,2024-01-13,2,Saturday,1429.0,1388.0
B005,2024-01-13,2,Saturday,1071.0,1100.0
B006,2024-01-13,2,Saturday,1357.0,1366.0
B001,2024-01-14,2,Sunday,1571.0,1598.0
B002,2024-01-14,2,Sunday,1786.0,1753.0
B003,2024-01-14,2,Sunday,2143.0,2216.0
B004,2024-01-14,2,Sunday,1429.0,1429.0
B005,2024-01-14,2,Sunday,1071.0,1074.0
B006,2024-01-14,2,Sunday,1357.0,1378.0
B001,2024-01-15,3,Monday,1571.0,1557.0
B002,2024-01-15,3,Monday,1786.0,1795.0
B003,2024-01-15,3,Monday,2143.0,2102.0
B004,2024-01-15,3,Monday,1429.0,1466.0
B005,2024-01-15,3,Monday,1071.0,1047.0
B006,2024-01-15,3,Monday,1357.0,1347.0
B001,2024-01-16,3,Tuesday,1571.0,1551.0
B002,2024-01-16,3,Tuesday,1786.0,1751.0
B003,2024-01-16,3,Tuesday,2143.0,2173.0
B004,2024-01-16,3,Tuesday,1429.0,1409.0
B005,2024-01-16,3,Tuesday,1071.0,1103.0
B006,2024-01-16,3,Tuesday,1357.0,1347.0
B001,2024-01-17,3,Wednesday,1571.0,1646.0
B002,2024-01-17,3,Wednesday,1786.0,1813.0
B003,2024-01-17,3,Wednesday,2143.0,2094.0
B004,2024-01-17,3,Wednesday,1429.0,1457.0
B005,2024-01-17,3,Wednesday,1071.0,1057.0
B006,2024-01-17,3,Wednesday,1357.0,1357.0
B001,2024-01-18,3,Thursday,1571.0,1550.0
B002,2024-01-18,3,Thursday,1786.0,1773.0
B003,2024-01-18,3,Thursday,2143.0,2184.0
B004,2024-01-18,3,Thursday,1429.0,1444.0
B005,2024-01-18,3,Thursday,1071.0,1041.0
B006,2024-01-18,3,Thursday,1357.0,1416.0
B001,2024-01-19,3,Friday,1571.0,1555.0
B002,2024-01-19,3,Friday,1786.0,1802.0
B003,2024-01-19,3,Friday,2143.0,2101.0
B004,2024-01-19,3,Friday,1429.0,1430.0
B005,2024-01-19,3,Friday,1071.0,1106.0
B006,2024-01-19,3,Friday,1357.0,1342.0
B001,2024-01-20,3,Saturday,1571.0,1630.0
B002,2024-01-20,3,Saturday,1786.0,1820.0
B003,2024-01-20,3,Saturday,2143.0,2187.0
B004,2024-01-20,3,Saturday,1429.0,1490.0
B005,2024-01-20,3,Saturday,1071.0,1083.0
B006,2024-01-20,3,Saturday,1357.0,1331.0
B001,2024-01-21,3,Sunday,1571.0,1604.0
B002,2024-01-21,3,Sunday,1786.0,1823.0
B003,2024-01-21,3,Sunday,2143.0,2216.0
B004,2024-01-21,3,Sunday,1429.0,1401.0
B005,2024-01-21,3,Sunday,1071.0,1058.0
B006,2024-01-21,3,Sunday,1357.0,1418.0
B001,2024-01-22,4,Monday,1571.0,1595.0
B002,2024-01-22,4,Monday,1786.0,1762.0
B003,2024-01-22,4,Monday,2143.0,2151.0
B004,2024-01-22,4,Monday,1429.0,1431.0
B005,2024-01-22,4,Monday,1071.0,1050.0
B006,2024-01-22,4,Monday,1357.0,1381.0
B001,2024-01-23,4,Tuesday,1571.0,1530.0
B002,2024-01-23,4,Tuesday,1786.0,1741.0
B003,2024-01-23,4,Tuesday,2143.0,2123.0
B004,2024-01-23,4,Tuesday,1429.0,1428.0
B005,2024-01-23,4,Tuesday,1071.0,1087.0
B006,2024-01-23,4,Tuesday,1357.0,1415.0
B001,2024-01-24,4,Wednesday,1571.0,1553.0
B002,2024-01-24,4,Wednesday,1786.0,1754.0
B003,2024-01-24,4,Wednesday,2143.0,2102.0
B004,2024-01-24,4,Wednesday,1429.0,1395.0
B005,2024-01-24,4,Wednesday,1071.0,1052.0
B006,2024-01-24,4,Wednesday,1357.0,1340.0
B001,2024-01-25,4,Thursday,1571.0,1643.0
B002,2024-01-25,4,Thursday,1786.0,1857.0
B003,2024-01-25,4,Thursday,2143.0,2103.0
B004,2024-01-25,4,Thursday,1429.0,1475.0
B005,2024-01-25,4,Thursday,1071.0,1039.0
B006,2024-01-25,4,Thursday,1357.0,1388.0
B001,2024-01-26,4,Friday,1571.0,1563.0
B002,2024-01-26,4,Friday,1786.0,1784.0
B003,2024-01-26,4,Friday,2143.0,2117.0
B004,2024-01-26,4,Friday,1429.0,1450.0
B005,2024-01-26,4,Friday,1071.0,1119.0
B006,2024-01-26,4,Friday,1357.0,1406.0
B001,2024-01-27,4,Saturday,1571.0,1626.0
B002,2024-01-27,4,Saturday,1786.0,1805.0
B003,2024-01-27,4,Saturday,2143.0,2246.0
B004,2024-01-27,4,Saturday,1429.0,1482.0
B005,2024-01-27,4,Saturday,1071.0,1093.0
B006,2024-01-27,4,Saturday,1357.0,1413.0
B001,2024-01-28,4,Sunday,1571.0,1535.0
B002,2024-01-28,4,Sunday,1786.0,1764.0
B003,2024-01-28,4,Sunday,2143.0,2234.0
B004,2024-01-28,4,Sunday,1429.0,1407.0
B005,2024-01-28,4,Sunday,1071.0,1046.0
B006,2024-01-28,4,Sunday,1357.0,1359.0
B001,2024-01-29,5,Monday,1571.0,1614.0
B002,2024-01-29,5,Monday,1786.0,1817.0
B003,2024-01-29,5,Monday,2143.0,2170.0
B004,2024-01-29,5,Monday,1429.0,1471.0
B005,2024-01-29,5,Monday,1071.0,1110.0
B006,2024-01-29,5,Monday,1357.0,1319.0
B001,2024-01-30,5,Tuesday,1571.0,1637.0
B002,2024-01-30,5,Tuesday,1786.0,1818.0
B003,2024-01-30,5,Tuesday,2143.0,2229.0
B004,2024-01-30,5,Tuesday,1429.0,1442.0
B005,2024-01-30,5,Tuesday,1071.0,1067.0
B006,2024-01-30,5,Tuesday,1357.0,1331.0
B001,2024-01-31,5,Wednesday,1571.0,1617.0
B002,2024-01-31,5,Wednesday,1786.0,1750.0
B003,2024-01-31,5,Wednesday,2143.0,2222.0
B004,2024-01-31,5,Wednesday,1429.0,1406.0
B005,2024-01-31,5,Wednesday,1071.0,1045.0
B006,2024-01-31,5,Wednesday,1357.0,1390.0
B001,2024-02-01,5,Thursday,1571.0,1589.0
B002,2024-02-01,5,Thursday,1786.0,1758.0
B003,2024-02-01,5,Thursday,2143.0,2085.0
B004,2024-02-01,5,Thursday,1429.0,1419.0
B005,2024-02-01,5,Thursday,1071.0,1113.0
B006,2024-02-01,5,Thursday,1357.0,1357.0
B001,2024-02-02,5,Friday,1571.0,1621.0
B002,2024-02-02,5,Friday,1786.0,1873.0
B003,2024-02-02,5,Friday,2143.0,2218.0
B004,2024-02-02,5,Friday,1429.0,1499.0
B005,2024-02-02,5,Friday,1071.0,1081.0
B006,2024-02-02,5,Friday,1357.0,1420.0
B001,2024-02-03,5,Saturday,1571.0,1548.0
B002,2024-02-03,5,Saturday,1786.0,1760.0
B003,2024-02-03,5,Saturday,2143.0,2198.0
B004,2024-02-03,5,Saturday,1429.0,1497.0
B005,2024-02-03,5,Saturday,1071.0,1094.0
B006,2024-02-03,5,Saturday,1357.0,1378.0
B001,2024-02-04,5,Sunday,1571.0,1633.0
B002,2024-02-04,5,Sunday,1786.0,1772.0
B003,2024-02-04,5,Sunday,2143.0,2230.0
B004,2024-02-04,5,Sunday,1429.0,1393.0
B005,2024-02-04,5,Sunday,1071.0,1057.0
B006,2024-02-04,5,Sunday,1357.0,1404.0
B001,2024-02-05,6,Monday,1571.0,1594.0
B002,2024-02-05,6,Monday,1786.0,1852.0
B003,2024-02-05,6,Monday,2143.0,2144.0
B004,2024-02-05,6,Monday,1429.0,1390.0
B005,2024-02-05,6,Monday,1071.0,1089.0
B006,2024-02-05,6,Monday,1357.0,1387.0
B001,2024-02-06,6,Tuesday,1571.0,1539.0
B002,2024-02-06,6,Tuesday,1786.0,1820.0
B003,2024-02-06,6,Tuesday,2143.0,2207.0
B004,2024-02-06,6,Tuesday,1429.0,1496.0
B005,2024-02-06,6,Tuesday,1071.0,1096.0
B006,2024-02-06,6,Tuesday,1357.0,1379.0
B001,2024-02-07,6,Wednesday,1571.0,1606.0
B002,2024-02-07,6,Wednesday,1786.0,1789.0
B003,2024-02-07,6,Wednesday,2143.0,2172.0
B004,2024-02-07,6,Wednesday,1429.0,1437.0
B005,2024-02-07,6,Wednesday,1071.0,1086.0
B006,2024-02-07,6,Wednesday,1357.0,1386.0
B001,2024-02-08,6,Thursday,1571.0,1606.0
B002,2024-02-08,6,Thursday,1786.0,1853.0
B003,2024-02-08,6,Thursday,2143.0,2107.0
B004,2024-02-08,6,Thursday,1429.0,1412.0
B005,2024-02-08,6,Thursday,1071.0,1067.0
B006,2024-02-08,6,Thursday,1357.0,1418.0
B001,2024-02-09,6,Friday,1571.0,1605.0
B002,2024-02-09,6,Friday,1786.0,1751.0
B003,2024-02-09,6,Friday,2143.0,2132.0
B004,2024-02-09,6,Friday,1429.0,1466.0
B005,2024-02-09,6,Friday,1071.0,1056.0
B006,2024-02-09,6,Friday,1357.0,1398.0
B001,2024-02-10,6,Saturday,1571.0,1642.0
B002,2024-02-10,6,Saturday,1786.0,1865.0
B003,2024-02-10,6,Saturday,2143.0,2162.0
B004,2024-02-10,6,Saturday,1429.0,1425.0
B005,2024-02-10,6,Saturday,1071.0,1054.0
B006,2024-02-10,6,Saturday,1357.0,1332.0
B001,2024-02-11,6,Sunday,1571.0,1532.0
B002,2024-02-11,6,Sunday,1786.0,1850.0
B003,2024-02-11,6,Sunday,2143.0,2137.0
B004,2024-02-11,6,Sunday,1429.0,1414.0
B005,2024-02-11,6,Sunday,1071.0,1114.0
B006,2024-02-11,6,Sunday,1357.0,1331.0
B001,2024-02-12,7,Monday,1571.0,1541.0
B002,2024-02-12,7,Monday,1786.0,1770.0
B003,2024-02-12,7,Monday,2143.0,2222.0
B004,2024-02-12,7,Monday,1429.0,1400.0
B005,2024-02-12,7,Monday,1071.0,1056.0
B006,2024-02-12,7,Monday,1357.0,1417.0
B001,2024-02-13,7,Tuesday,1571.0,1634.0
B002,2024-02-13,7,Tuesday,1786.0,1831.0
B003,2024-02-13,7,Tuesday,2143.0,2103.0
B004,2024-02-13,7,Tuesday,1429.0,1468.0
B005,2024-02-13,7,Tuesday,1071.0,1124.0
B006,2024-02-13,7,Tuesday,1357.0,1391.0
B001,2024-02-14,7,Wednesday,1571.0,1592.0
B002,2024-02-14,7,Wednesday,1786.0,1836.0
B003,2024-02-14,7,Wednesday,2143.0,2233.0
B004,2024-02-14,7,Wednesday,1429.0,1434.0
B005,2024-02-14,7,Wednesday,1071.0,1099.0
B006,2024-02-14,7,Wednesday,1357.0,1384.0
B001,2024-02-15,7,Thursday,1571.0,1600.0
B002,2024-02-15,7,Thursday,1786.0,1799.0
B003,2024-02-15,7,Thursday,2143.0,2144.0
B004,2024-02-15,7,Thursday,1429.0,1387.0
B005,2024-02-15,7,Thursday,1071.0,1109.0
B006,2024-02-15,7,Thursday,1357.0,1373.0
B001,2024-02-16,7,Friday,1571.0,1603.0
B002,2024-02-16,7,Friday,1786.0,1771.0
B003,2024-02-16,7,Friday,2143.0,2169.0
B004,2024-02-16,7,Friday,1429.0,1390.0
B005,2024-02-16,7,Friday,1071.0,1080.0
B006,2024-02-16,7,Friday,1357.0,1373.0
B001,2024-02-17,7,Saturday,1571.0,1561.0
B002,2024-02-17,7,Saturday,1786.0,1771.0
B003,2024-02-17,7,Saturday,2143.0,2185.0
B004,2024-02-17,7,Saturday,1429.0,1398.0
B005,2024-02-17,7,Saturday,1071.0,1050.0
B006,2024-02-17,7,Saturday,1357.0,1337.0
B001,2024-02-18,7,Sunday,1571.0,1567.0
B002,2024-02-18,7,Sunday,1786.0,1871.0
B003,2024-02-18,7,Sunday,2143.0,2225.0
B004,2024-02-18,7,Sunday,1429.0,1436.0
B005,2024-02-18,7,Sunday,1071.0,1098.0
B006,2024-02-18,7,Sunday,1357.0,1361.0
B001,2024-02-19,8,Monday,1571.0,1621.0
B002,2024-02-19,8,Monday,1786.0,1832.0
B003,2024-02-19,8,Monday,2143.0,2081.0
B004,2024-02-19,8,Monday,1429.0,1454.0
B005,2024-02-19,8,Monday,1071.0,1061.0
B006,2024-02-19,8,Monday,1357.0,1417.0
B001,2024-02-20,8,Tuesday,1571.0,1602.0
B002,2024-02-20,8,Tuesday,1786.0,1861.0
B003,2024-02-20,8,Tuesday,2143.0,2218.0
B004,2024-02-20,8,Tuesday,1429.0,1434.0
B005,2024-02-20,8,Tuesday,1071.0,1116.0
B006,2024-02-20,8,Tuesday,1357.0,1423.0
B001,2024-02-21,8,Wednesday,1571.0,1553.0
B002,2024-02-21,8,Wednesday,1786.0,1794.0
B003,2024-02-21,8,Wednesday,2143.0,2093.0
B004,2024-02-21,8,Wednesday,1429.0,1443.0
B005,2024-02-21,8,Wednesday,1071.0,1078.0
B006,2024-02-21,8,Wednesday,1357.0,1369.0
B001,2024-02-22,8,Thursday,1571.0,1541.0
B002,2024-02-22,8,Thursday,1786.0,1805.0
B003,2024-02-22,8,Thursday,2143.0,2143.0
B004,2024-02-22,8,Thursday,1429.0,1435.0
B005,2024-02-22,8,Thursday,1071.0,1105.0
B006,2024-02-22,8,Thursday,1357.0,1371.0
B001,2024-02-23,8,Friday,1571.0,1527.0
B002,2024-02-23,8,Friday,1786.0,1790.0
B003,2024-02-23,8,Friday,2143.0,2232.0
B004,2024-02-23,8,Friday,1429.0,1420.0
B005,2024-02-23,8,Friday,1071.0,1052.0
B006,2024-02-23,8,Friday,1357.0,1317.0
B001,2024-02-24,8,Saturday,1571.0,1595.0
B002,2024-02-24,8,Saturday,1786.0,1763.0
B003,2024-02-24,8,Saturday,2143.0,2135.0
B004,2024-02-24,8,Saturday,1429.0,1475.0
B005,2024-02-24,8,Saturday,1071.0,1115.0
B006,2024-02-24,8,Saturday,1357.0,1342.0
B001,2024-02-25,8,Sunday,1571.0,1548.0
B002,2024-02-25,8,Sunday,1786.0,1774.0
B003,2024-02-25,8,Sunday,2143.0,2243.0
B004,2024-02-25,8,Sunday,1429.0,1387.0
B005,2024-02-25,8,Sunday,1071.0,1102.0
B006,2024-02-25,8,Sunday,1357.0,1419.0
B001,2024-02-26,9,Monday,1571.0,1567.0
B002,2024-02-26,9,Monday,1786.0,1759.0
B003,2024-02-26,9,Monday,2143.0,2224.0
B004,2024-02-26,9,Monday,1429.0,1404.0
B005,2024-02-26,9,Monday,1071.0,1101.0
B006,2024-02-26,9,Monday,1357.0,1421.0
B001,2024-02-27,9,Tuesday,1571.0,1570.0
B002,2024-02-27,9,Tuesday,1786.0,1746.0
B003,2024-02-27,9,Tuesday,2143.0,2168.0
B004,2024-02-27,9,Tuesday,1429.0,1471.0
B005,2024-02-27,9,Tuesday,1071.0,1081.0
B006,2024-02-27,9,Tuesday,1357.0,1356.0
B001,2024-02-28,9,Wednesday,1571.0,1577.0
B002,2024-02-28,9,Wednesday,1786.0,1833.0
B003,2024-02-28,9,Wednesday,2143.0,2120.0
B004,2024-02-28,9,Wednesday,1429.0,1445.0
B005,2024-02-28,9,Wednesday,1071.0,1050.0
B006,2024-02-28,9,Wednesday,1357.0,1396.0
B001,2024-02-29,9,Thursday,1571.0,1611.0
B002,2024-02-29,9,Thursday,1786.0,1757.0
B003,2024-02-29,9,Thursday,2143.0,2119.0
B004,2024-02-29,9,Thursday,1429.0,1422.0
B005,2024-02-29,9,Thursday,1071.0,1066.0
B006,2024-02-29,9,Thursday,1357.0,1350.0
B001,2024-03-01,9,Friday,1571.0,1621.0
B002,2024-03-01,9,Friday,1786.0,1737.0
B003,2024-03-01,9,Friday,2143.0,2113.0
B004,2024-03-01,9,Friday,1429.0,1461.0
B005,2024-03-01,9,Friday,1071.0,1054.0
B006,2024-03-01,9,Friday,1357.0,1409.0
B001,2024-03-02,9,Saturday,1571.0,1623.0
B002,2024-03-02,9,Saturday,1786.0,1847.0
B003,2024-03-02,9,Saturday,2143.0,2188.0
B004,2024-03-02,9,Saturday,1429.0,1391.0
B005,2024-03-02,9,Saturday,1071.0,1121.0
B006,2024-03-02,9,Saturday,1357.0,1330.0
B001,2024-03-03,9,Sunday,1571.0,1528.0
B002,2024-03-03,9,Sunday,1786.0,1806.0
B003,2024-03-03,9,Sunday,2143.0,2236.0
B004,2024-03-03,9,Sunday,1429.0,1424.0
B005,2024-03-03,9,Sunday,1071.0,1105.0
B006,2024-03-03,9,Sunday,1357.0,1368.0
B001,2024-03-04,10,Monday,1571.0,1535.0
B002,2024-03-04,10,Monday,1786.0,1824.0
B003,2024-03-04,10,Monday,2143.0,2244.0
B004,2024-03-04,10,Monday,1429.0,1465.0
B005,2024-03-04,10,Monday,1071.0,1096.0
B006,2024-03-04,10,Monday,1357.0,1381.0
B001,2024-03-05,10,Tuesday,1571.0,1536.0
B002,2024-03-05,10,Tuesday,1786.0,1791.0
B003,2024-03-05,10,Tuesday,2143.0,2115.0
B004,2024-03-05,10,Tuesday,1429.0,1453.0
B005,2024-03-05,10,Tuesday,1071.0,1083.0
B006,2024-03-05,10,Tuesday,1357.0,1322.0
B001,2024-03-06,10,Wednesday,1571.0,1581.0
B002,2024-03-06,10,Wednesday,1786.0,1839.0
B003,2024-03-06,10,Wednesday,2143.0,2139.0
B004,2024-03-06,10,Wednesday,1429.0,1458.0
B005,2024-03-06,10,Wednesday,1071.0,1069.0
B006,2024-03-06,10,Wednesday,1357.0,1324.0
B001,2024-03-07,10,Thursday,1571.0,1539.0
B002,2024-03-07,10,Thursday,1786.0,1735.0
B003,2024-03-07,10,Thursday,2143.0,2085.0
B004,2024-03-07,10,Thursday,1429.0,1465.0
B005,2024-03-07,10,Thursday,1071.0,1056.0
B006,2024-03-07,10,Thursday,1357.0,1410.0
B001,2024-03-08,10,Friday,1571.0,1620.0
B002,2024-03-08,10,Friday,1786.0,1838.0
B003,2024-03-08,10,Friday,2143.0,2193.0
B004,2024-03-08,10,Friday,1429.0,1492.0
B005,2024-03-08,10,Friday,1071.0,1086.0
B006,2024-03-08,10,Friday,1357.0,1346.0
B001,2024-03-09,10,Saturday,1571.0,1612.0
B002,2024-03-09,10,Saturday,1786.0,1751.0
B003,2024-03-09,10,Saturday,2143.0,2130.0
B004,2024-03-09,10,Saturday,1429.0,1388.0
B005,2024-03-09,10,Saturday,1071.0,1121.0
B006,2024-03-09,10,Saturday,1357.0,1348.0
B001,2024-03-10,10,Sunday,1571.0,1632.0
B002,2024-03-10,10,Sunday,1786.0,1860.0
B003,2024-03-10,10,Sunday,2143.0,2165.0
B004,2024-03-10,10,Sunday,1429.0,1472.0
B005,2024-03-10,10,Sunday,1071.0,1066.0
B006,2024-03-10,10,Sunday,1357.0,1361.0
B001,2024-03-11,11,Monday,1571.0,1638.0
B002,2024-03-11,11,Monday,1786.0,1869.0
B003,2024-03-11,11,Monday,2143.0,2094.0
B004,2024-03-11,11,Monday,1429.0,1479.0
B005,2024-03-11,11,Monday,1071.0,1107.0
B006,2024-03-11,11,Monday,1357.0,1363.0
B001,2024-03-12,11,Tuesday,1571.0,1527.0
B002,2024-03-12,11,Tuesday,1786.0,1798.0
B003,2024-03-12,11,Tuesday,2143.0,2190.0
B004,2024-03-12,11,Tuesday,1429.0,1403.0
B005,2024-03-12,11,Tuesday,1071.0,1087.0
B006,2024-03-12,11,Tuesday,1357.0,1415.0
B001,2024-03-13,11,Wednesday,1571.0,1542.0
B002,2024-03-13,11,Wednesday,1786.0,1830.0
B003,2024-03-13,11,Wednesday,2143.0,2146.0
B004,2024-03-13,11,Wednesday,1429.0,1474.0
B005,2024-03-13,11,Wednesday,1071.0,1091.0
B006,2024-03-13,11,Wednesday,1357.0,1361.0
B001,2024-03-14,11,Thursday,1571.0,1586.0
B002,2024-03-14,11,Thursday,1786.0,1742.0
B003,2024-03-14,11,Thursday,2143.0,2207.0
B004,2024-03-14,11,Thursday,1429.0,1423.0
B005,2024-03-14,11,Thursday,1071.0,1122.0
B006,2024-03-14,11,Thursday,1357.0,1412.0
B001,2024-03-15,11,Friday,1571.0,1540.0
B002,2024-03-15,11,Friday,1786.0,1871.0
B003,2024-03-15,11,Friday,2143.0,2142.0
B004,2024-03-15,11,Friday,1429.0,1467.0
B005,2024-03-15,11,Friday,1071.0,1118.0
B006,2024-03-15,11,Friday,1357.0,1339.0
B001,2024-03-16,11,Saturday,1571.0,1557.0
B002,2024-03-16,11,Saturday,1786.0,1861.0
B003,2024-03-16,11,Saturday,2143.0,2176.0
B004,2024-03-16,11,Saturday,1429.0,1431.0
B005,2024-03-16,11,Saturday,1071.0,1082.0
B006,2024-03-16,11,Saturday,1357.0,1390.0
B001,2024-03-17,11,Sunday,1571.0,1559.0
B002,2024-03-17,11,Sunday,1786.0,1733.0
B003,2024-03-17,11,Sunday,2143.0,2125.0
B004,2024-03-17,11,Sunday,1429.0,1488.0
B005,2024-03-17,11,Sunday,1071.0,1069.0
B006,2024-03-17,11,Sunday,1357.0,1343.0
B001,2024-03-18,12,Monday,1571.0,1571.0
B002,2024-03-18,12,Monday,1786.0,1808.0
B003,2024-03-18,12,Monday,2143.0,2246.0
B004,2024-03-18,12,Monday,1429.0,1459.0
B005,2024-03-18,12,Monday,1071.0,1046.0
B006,2024-03-18,12,Monday,1357.0,1411.0
B001,2024-03-19,12,Tuesday,1571.0,1605.0
B002,2024-03-19,12,Tuesday,1786.0,1806.0
B003,2024-03-19,12,Tuesday,2143.0,2090.0
B004,2024-03-19,12,Tuesday,1429.0,1411.0
B005,2024-03-19,12,Tuesday,1071.0,1094.0
B006,2024-03-19,12,Tuesday,1357.0,1343.0
B001,2024-03-20,12,Wednesday,1571.0,1626.0
B002,2024-03-20,12,Wednesday,1786.0,1762.0
B003,2024-03-20,12,Wednesday,2143.0,2206.0
B004,2024-03-20,12,Wednesday,1429.0,1468.0
B005,2024-03-20,12,Wednesday,1071.0,1065.0
B006,2024-03-20,12,Wednesday,1357.0,1375.0
B001,2024-03-21,12,Thursday,1571.0,1640.0
B002,2024-03-21,12,Thursday,1786.0,1768.0
B003,2024-03-21,12,Thursday,2143.0,2216.0
B004,2024-03-21,12,Thursday,1429.0,1454.0
B005,2024-03-21,12,Thursday,1071.0,1058.0
B006,2024-03-21,12,Thursday,1357.0,1369.0
B001,2024-03-22,12,Friday,1571.0,1548.0
B002,2024-03-22,12,Friday,1786.0,1809.0
B003,2024-03-22,12,Friday,2143.0,2180.0
B004,2024-03-22,12,Friday,1429.0,1478.0
B005,2024-03-22,12,Friday,1071.0,1099.0
B006,2024-03-22,12,Friday,1357.0,1326.0
B001,2024-03-23,12,Saturday,1571.0,1616.0
B002,2024-03-23,12,Saturday,1786.0,1774.0
B003,2024-03-23,12,Saturday,2143.0,2121.0
B004,2024-03-23,12,Saturday,1429.0,1489.0
B005,2024-03-23,12,Saturday,1071.0,1118.0
B006,2024-03-23,12,Saturday,1357.0,1350.0
B001,2024-03-24,12,Sunday,1571.0,1548.0
B002,2024-03-24,12,Sunday,1786.0,1802.0
B003,2024-03-24,12,Sunday,2143.0,2141.0
B004,2024-03-24,12,Sunday,1429.0,1497.0
B005,2024-03-24,12,Sunday,1071.0,1061.0
B006,2024-03-24,12,Sunday,1357.0,1411.0
B001,2024-03-25,13,Monday,1571.0,1583.0
B002,2024-03-25,13,Monday,1786.0,1821.0
B003,2024-03-25,13,Monday,2143.0,2241.0
B004,2024-03-25,13,Monday,1429.0,1444.0
B005,2024-03-25,13,Monday,1071.0,1102.0
B006,2024-03-25,13,Monday,1357.0,1405.0
B001,2024-03-26,13,Tuesday,1571.0,1629.0
B002,2024-03-26,13,Tuesday,1786.0,1800.0
B003,2024-03-26,13,Tuesday,2143.0,2205.0
B004,2024-03-26,13,Tuesday,1429.0,1403.0
B005,2024-03-26,13,Tuesday,1071.0,1043.0
B006,2024-03-26,13,Tuesday,1357.0,1413.0
B001,2024-03-27,13,Wednesday,1571.0,1533.0
B002,2024-03-27,13,Wednesday,1786.0,1741.0
B003,2024-03-27,13,Wednesday,2143.0,2213.0
B004,2024-03-27,13,Wednesday,1429.0,1405.0
B005,2024-03-27,13,Wednesday,1071.0,1045.0
B006,2024-03-27,13,Wednesday,1357.0,1351.0
B001,2024-03-28,13,Thursday,1571.0,1608.0
B002,2024-03-28,13,Thursday,1786.0,1750.0
B003,2024-03-28,13,Thursday,2143.0,2227.0
B004,2024-03-28,13,Thursday,1429.0,1497.0
B005,2024-03-28,13,Thursday,1071.0,1094.0
B006,2024-03-28,13,Thursday,1357.0,1395.0
B001,2024-03-29,13,Friday,1571.0,1546.0
B002,2024-03-29,13,Friday,1786.0,1823.0
B003,2024-03-29,13,Friday,2143.0,2246.0
B004,2024-03-29,13,Friday,1429.0,1492.0
B005,2024-03-29,13,Friday,1071.0,1068.0
B006,2024-03-29,13,Friday,1357.0,1392.0
B001,2024-03-30,13,Saturday,1571.0,1545.0
B002,2024-03-30,13,Saturday,1786.0,1820.0
B003,2024-03-30,13,Saturday,2143.0,2184.0
B004,2024-03-30,13,Saturday,1429.0,1409.0
B005,2024-03-30,13,Saturday,1071.0,1067.0
B006,2024-03-30,13,Saturday,1357.0,1410.0
B001,2025-01-01,1,Wednesday,1666.0,1749.0
B002,2025-01-01,1,Wednesday,1893.0,1894.0
B003,2025-01-01,1,Wednesday,2271.0,2353.0
B004,2025-01-01,1,Wednesday,1514.0,1570.0
B005,2025-01-01,1,Wednesday,1136.0,1191.0
B006,2025-01-01,1,Wednesday,1439.0,1405.0
B001,2025-01-02,1,Thursday,1666.0,1658.0
B002,2025-01-02,1,Thursday,1893.0,1975.0
B003,2025-01-02,1,Thursday,2271.0,2326.0
B004,2025-01-02,1,Thursday,1514.0,1503.0
B005,2025-01-02,1,Thursday,1136.0,1137.0
B006,2025-01-02,1,Thursday,1439.0,1422.0
B001,2025-01-03,1,Friday,1666.0,1638.0
B002,2025-01-03,1,Friday,1893.0,1859.0
B003,2025-01-03,1,Friday,2271.0,2380.0
B004,2025-01-03,1,Friday,1514.0,1520.0
B005,2025-01-03,1,Friday,1136.0,1108.0
B006,2025-01-03,1,Friday,1439.0,1452.0
B001,2025-01-04,1,Saturday,1666.0,1654.0
B002,2025-01-04,1,Saturday,1893.0,1868.0
B003,2025-01-04,1,Saturday,2271.0,2241.0
B004,2025-01-04,1,Saturday,1514.0,1539.0
B005,2025-01-04,1,Saturday,1136.0,1156.0
B006,2025-01-04,1,Saturday,1439.0,1498.0
B001,2025-01-05,1,Sunday,1666.0,1631.0
B002,2025-01-05,1,Sunday,1893.0,1911.0
B003,2025-01-05,1,Sunday,2271.0,2256.0
B004,2025-01-05,1,Sunday,1514.0,1527.0
B005,2025-01-05,1,Sunday,1136.0,1188.0
B006,2025-01-05,1,Sunday,1439.0,1502.0
B001,2025-01-06,2,Monday,1666.0,1717.0
B002,2025-01-06,2,Monday,1893.0,1955.0
B003,2025-01-06,2,Monday,2271.0,2253.0
B004,2025-01-06,2,Monday,1514.0,1531.0
B005,2025-01-06,2,Monday,1136.0,1175.0
B006,2025-01-06,2,Monday,1439.0,1484.0
B001,2025-01-07,2,Tuesday,1666.0,1692.0
B002,2025-01-07,2,Tuesday,1893.0,1965.0
B003,2025-01-07,2,Tuesday,2271.0,2358.0
B004,2025-01-07,2,Tuesday,1514.0,1514.0
B005,2025-01-07,2,Tuesday,1136.0,1143.0
B006,2025-01-07,2,Tuesday,1439.0,1431.0
B001,2025-01-08,2,Wednesday,1666.0,1724.0
B002,2025-01-08,2,Wednesday,1893.0,1911.0
B003,2025-01-08,2,Wednesday,2271.0,2305.0
B004,2025-01-08,2,Wednesday,1514.0,1527.0
B005,2025-01-08,2,Wednesday,1136.0,1125.0
B006,2025-01-08,2,Wednesday,1439.0,1509.0
B001,2025-01-09,2,Thursday,1666.0,1689.0
B002,2025-01-09,2,Thursday,1893.0,1983.0
B003,2025-01-09,2,Thursday,2271.0,2244.0
B004,2025-01-09,2,Thursday,1514.0,1578.0
B005,2025-01-09,2,Thursday,1136.0,1131.0
B006,2025-01-09,2,Thursday,1439.0,1434.0
B001,2025-01-10,2,Friday,1666.0,1711.0
B002,2025-01-10,2,Friday,1893.0,1950.0
B003,2025-01-10,2,Friday,2271.0,2379.0
B004,2025-01-10,2,Friday,1514.0,1584.0
B005,2025-01-10,2,Friday,1136.0,1187.0
B006,2025-01-10,2,Friday,1439.0,1469.0
B001,2025-01-11,2,Saturday,1666.0,1669.0
B002,2025-01-11,2,Saturday,1893.0,1857.0
B003,2025-01-11,2,Saturday,2271.0,2273.0
B004,2025-01-11,2,Saturday,1514.0,1507.0
B005,2025-01-11,2,Saturday,1136.0,1157.0
B006,2025-01-11,2,Saturday,1439.0,1460.0
B001,2025-01-12,2,Sunday,1666.0,1631.0
B002,2025-01-12,2,Sunday,1893.0,1909.0
B003,2025-01-12,2,Sunday,2271.0,2355.0
B004,2025-01-12,2,Sunday,1514.0,1548.0
B005,2025-01-12,2,Sunday,1136.0,1107.0
B006,2025-01-12,2,Sunday,1439.0,1406.0
B001,2025-01-13,3,Monday,1666.0,1638.0
B002,2025-01-13,3,Monday,1893.0,1961.0
B003,2025-01-13,3,Monday,2271.0,2383.0
B004,2025-01-13,3,Monday,1514.0,1518.0
B005,2025-01-13,3,Monday,1136.0,1192.0
B006,2025-01-13,3,Monday,1439.0,1494.0
B001,2025-01-14,3,Tuesday,1666.0,1637.0
B002,2025-01-14,3,Tuesday,1893.0,1949.0
B003,2025-01-14,3,Tuesday,2271.0,2313.0
B004,2025-01-14,3,Tuesday,1514.0,1536.0
B005,2025-01-14,3,Tuesday,1136.0,1162.0
B006,2025-01-14,3,Tuesday,1439.0,1509.0
B001,2025-01-15,3,Wednesday,1666.0,1641.0
B002,2025-01-15,3,Wednesday,1893.0,1979.0
B003,2025-01-15,3,Wednesday,2271.0,2265.0
B004,2025-01-15,3,Wednesday,1514.0,1562.0
B005,2025-01-15,3,Wednesday,1136.0,1127.0
B006,2025-01-15,3,Wednesday,1439.0,1424.0
B001,2025-01-16,3,Thursday,1666.0,1624.0
B002,2025-01-16,3,Thursday,1893.0,1939.0
B003,2025-01-16,3,Thursday,2271.0,2269.0
B004,2025-01-16,3,Thursday,1514.0,1521.0
B005,2025-01-16,3,Thursday,1136.0,1192.0
B006,2025-01-16,3,Thursday,1439.0,1432.0
B001,2025-01-17,3,Friday,1666.0,1726.0
B002,2025-01-17,3,Friday,1893.0,1920.0
B003,2025-01-17,3,Friday,2271.0,2226.0
B004,2025-01-17,3,Friday,1514.0,1498.0
B005,2025-01-17,3,Friday,1136.0,1111.0
B006,2025-01-17,3,Friday,1439.0,1423.0
B001,2025-01-18,3,Saturday,1666.0,1733.0
B002,2025-01-18,3,Saturday,1893.0,1959.0
B003,2025-01-18,3,Saturday,2271.0,2308.0
B004,2025-01-18,3,Saturday,1514.0,1501.0
B005,2025-01-18,3,Saturday,1136.0,1161.0
B006,2025-01-18,3,Saturday,1439.0,1470.0
B001,2025-01-19,3,Sunday,1666.0,1696.0
B002,2025-01-19,3,Sunday,1893.0,1838.0
B003,2025-01-19,3,Sunday,2271.0,2257.0
B004,2025-01-19,3,Sunday,1514.0,1523.0
B005,2025-01-19,3,Sunday,1136.0,1168.0
B006,2025-01-19,3,Sunday,1439.0,1461.0
B001,2025-01-20,4,Monday,1666.0,1664.0
B002,2025-01-20,4,Monday,1893.0,1958.0
B003,2025-01-20,4,Monday,2271.0,2286.0
B004,2025-01-20,4,Monday,1514.0,1531.0
B005,2025-01-20,4,Monday,1136.0,1163.0
B006,2025-01-20,4,Monday,1439.0,1426.0
B001,2025-01-21,4,Tuesday,1666.0,1690.0
B002,2025-01-21,4,Tuesday,1893.0,1846.0
B003,2025-01-21,4,Tuesday,2271.0,2247.0
B004,2025-01-21,4,Tuesday,1514.0,1550.0
B005,2025-01-21,4,Tuesday,1136.0,1190.0
B006,2025-01-21,4,Tuesday,1439.0,1438.0
B001,2025-01-22,4,Wednesday,1666.0,1689.0
B002,2025-01-22,4,Wednesday,1893.0,1916.0
B003,2025-01-22,4,Wednesday,2271.0,2267.0
B004,2025-01-22,4,Wednesday,1514.0,1543.0
B005,2025-01-22,4,Wednesday,1136.0,1155.0
B006,2025-01-22,4,Wednesday,1439.0,1418.0
B001,2025-01-23,4,Thursday,1666.0,1629.0
B002,2025-01-23,4,Thursday,1893.0,1896.0
B003,2025-01-23,4,Thursday,2271.0,2261.0
B004,2025-01-23,4,Thursday,1514.0,1530.0
B005,2025-01-23,4,Thursday,1136.0,1121.0
B006,2025-01-23,4,Thursday,1439.0,1511.0
B001,2025-01-24,4,Friday,1666.0,1660.0
B002,2025-01-24,4,Friday,1893.0,1930.0
B003,2025-01-24,4,Friday,2271.0,2277.0
B004,2025-01-24,4,Friday,1514.0,1476.0
B005,2025-01-24,4,Friday,1136.0,1180.0
B006,2025-01-24,4,Friday,1439.0,1440.0
B001,2025-01-25,4,Saturday,1666.0,1663.0
B002,2025-01-25,4,Saturday,1893.0,1840.0
B003,2025-01-25,4,Saturday,2271.0,2304.0
B004,2025-01-25,4,Saturday,1514.0,1585.0
B005,2025-01-25,4,Saturday,1136.0,1188.0
B006,2025-01-25,4,Saturday,1439.0,1419.0
B001,2025-01-26,4,Sunday,1666.0,1706.0
B002,2025-01-26,4,Sunday,1893.0,1959.0
B003,2025-01-26,4,Sunday,2271.0,2300.0
B004,2025-01-26,4,Sunday,1514.0,1552.0
B005,2025-01-26,4,Sunday,1136.0,1111.0
B006,2025-01-26,4,Sunday,1439.0,1431.0
B001,2025-01-27,5,Monday,1666.0,1708.0
B002,2025-01-27,5,Monday,1893.0,1908.0
B003,2025-01-27,5,Monday,2271.0,2331.0
B004,2025-01-27,5,Monday,1514.0,1523.0
B005,2025-01-27,5,Monday,1136.0,1130.0
B006,2025-01-27,5,Monday,1439.0,1471.0
B001,2025-01-28,5,Tuesday,1666.0,1641.0
B002,2025-01-28,5,Tuesday,1893.0,1845.0
B003,2025-01-28,5,Tuesday,2271.0,2263.0
B004,2025-01-28,5,Tuesday,1514.0,1586.0
B005,2025-01-28,5,Tuesday,1136.0,1153.0
B006,2025-01-28,5,Tuesday,1439.0,1503.0
B001,2025-01-29,5,Wednesday,1666.0,1653.0
B002,2025-01-29,5,Wednesday,1893.0,1905.0
B003,2025-01-29,5,Wednesday,2271.0,2243.0
B004,2025-01-29,5,Wednesday,1514.0,1561.0
B005,2025-01-29,5,Wednesday,1136.0,1127.0
B006,2025-01-29,5,Wednesday,1439.0,1400.0
B001,2025-01-30,5,Thursday,1666.0,1709.0
B002,2025-01-30,5,Thursday,1893.0,1894.0
B003,2025-01-30,5,Thursday,2271.0,2242.0
B004,2025-01-30,5,Thursday,1514.0,1519.0
B005,2025-01-30,5,Thursday,1136.0,1143.0
B006,2025-01-30,5,Thursday,1439.0,1417.0
B001,2025-01-31,5,Friday,1666.0,1721.0
B002,2025-01-31,5,Friday,1893.0,1925.0
B003,2025-01-31,5,Friday,2271.0,2300.0
B004,2025-01-31,5,Friday,1514.0,1534.0
B005,2025-01-31,5,Friday,1136.0,1171.0
B006,2025-01-31,5,Friday,1439.0,1411.0
B001,2025-02-01,5,Saturday,1666.0,1708.0
B002,2025-02-01,5,Saturday,1893.0,1987.0
B003,2025-02-01,5,Saturday,2271.0,2315.0
B004,2025-02-01,5,Saturday,1514.0,1584.0
B005,2025-02-01,5,Saturday,1136.0,1126.0
B006,2025-02-01,5,Saturday,1439.0,1409.0
B001,2025-02-02,5,Sunday,1666.0,1628.0
B002,2025-02-02,5,Sunday,1893.0,1928.0
B003,2025-02-02,5,Sunday,2271.0,2264.0
B004,2025-02-02,5,Sunday,1514.0,1501.0
B005,2025-02-02,5,Sunday,1136.0,1179.0
B006,2025-02-02,5,Sunday,1439.0,1408.0
B001,2025-02-03,6,Monday,1666.0,1634.0
B002,2025-02-03,6,Monday,1893.0,1839.0
B003,2025-02-03,6,Monday,2271.0,2280.0
B004,2025-02-03,6,Monday,1514.0,1507.0
B005,2025-02-03,6,Monday,1136.0,1166.0
B006,2025-02-03,6,Monday,1439.0,1399.0
B001,2025-02-04,6,Tuesday,1666.0,1726.0
B002,2025-02-04,6,Tuesday,1893.0,1987.0
B003,2025-02-04,6,Tuesday,2271.0,2313.0
B004,2025-02-04,6,Tuesday,1514.0,1538.0
B005,2025-02-04,6,Tuesday,1136.0,1184.0
B006,2025-02-04,6,Tuesday,1439.0,1404.0
B001,2025-02-05,6,Wednesday,1666.0,1711.0
B002,2025-02-05,6,Wednesday,1893.0,1975.0
B003,2025-02-05,6,Wednesday,2271.0,2226.0
B004,2025-02-05,6,Wednesday,1514.0,1563.0
B005,2025-02-05,6,Wednesday,1136.0,1134.0
B006,2025-02-05,6,Wednesday,1439.0,1415.0
B001,2025-02-06,6,Thursday,1666.0,1625.0
B002,2025-02-06,6,Thursday,1893.0,1984.0
B003,2025-02-06,6,Thursday,2271.0,2354.0
B004,2025-02-06,6,Thursday,1514.0,1558.0
B005,2025-02-06,6,Thursday,1136.0,1157.0
B006,2025-02-06,6,Thursday,1439.0,1428.0
B001,2025-02-07,6,Friday,1666.0,1679.0
B002,2025-02-07,6,Friday,1893.0,1858.0
B003,2025-02-07,6,Friday,2271.0,2211.0
B004,2025-02-07,6,Friday,1514.0,1557.0
B005,2025-02-07,6,Friday,1136.0,1145.0
B006,2025-02-07,6,Friday,1439.0,1501.0
B001,2025-02-08,6,Saturday,1666.0,1641.0
B002,2025-02-08,6,Saturday,1893.0,1916.0
B003,2025-02-08,6,Saturday,2271.0,2326.0
B004,2025-02-08,6,Saturday,1514.0,1513.0
B005,2025-02-08,6,Saturday,1136.0,1139.0
B006,2025-02-08,6,Saturday,1439.0,1511.0
B001,2025-02-09,6,Sunday,1666.0,1640.0
B002,2025-02-09,6,Sunday,1893.0,1877.0
B003,2025-02-09,6,Sunday,2271.0,2320.0
B004,2025-02-09,6,Sunday,1514.0,1559.0
B005,2025-02-09,6,Sunday,1136.0,1162.0
B006,2025-02-09,6,Sunday,1439.0,1450.0
B001,2025-02-10,7,Monday,1666.0,1634.0
B002,2025-02-10,7,Monday,1893.0,1837.0
B003,2025-02-10,7,Monday,2271.0,2213.0
B004,2025-02-10,7,Monday,1514.0,1585.0
B005,2025-02-10,7,Monday,1136.0,1106.0
B006,2025-02-10,7,Monday,1439.0,1421.0
B001,2025-02-11,7,Tuesday,1666.0,1664.0
B002,2025-02-11,7,Tuesday,1893.0,1881.0
B003,2025-02-11,7,Tuesday,2271.0,2215.0
B004,2025-02-11,7,Tuesday,1514.0,1576.0
B005,2025-02-11,7,Tuesday,1136.0,1146.0
B006,2025-02-11,7,Tuesday,1439.0,1504.0
B001,2025-02-12,7,Wednesday,1666.0,1678.0
B002,2025-02-12,7,Wednesday,1893.0,1908.0
B003,2025-02-12,7,Wednesday,2271.0,2344.0
B004,2025-02-12,7,Wednesday,1514.0,1481.0
B005,2025-02-12,7,Wednesday,1136.0,1165.0
B006,2025-02-12,7,Wednesday,1439.0,1446.0
B001,2025-02-13,7,Thursday,1666.0,1645.0
B002,2025-02-13,7,Thursday,1893.0,1930.0
B003,2025-02-13,7,Thursday,2271.0,2290.0
B004,2025-02-13,7,Thursday,1514.0,1511.0
B005,2025-02-13,7,Thursday,1136.0,1184.0
B006,2025-02-13,7,Thursday,1439.0,1471.0
B001,2025-02-14,7,Friday,1666.0,1684.0
B002,2025-02-14,7,Friday,1893.0,1981.0
B003,2025-02-14,7,Friday,2271.0,2324.0
B004,2025-02-14,7,Friday,1514.0,1470.0
B005,2025-02-14,7,Friday,1136.0,1175.0
B006,2025-02-14,7,Friday,1439.0,1481.0
B001,2025-02-15,7,Saturday,1666.0,1701.0
B002,2025-02-15,7,Saturday,1893.0,1919.0
B003,2025-02-15,7,Saturday,2271.0,2290.0
B004,2025-02-15,7,Saturday,1514.0,1531.0
B005,2025-02-15,7,Saturday,1136.0,1186.0
B006,2025-02-15,7,Saturday,1439.0,1431.0
B001,2025-02-16,7,Sunday,1666.0,1693.0
B002,2025-02-16,7,Sunday,1893.0,1842.0
B003,2025-02-16,7,Sunday,2271.0,2304.0
B004,2025-02-16,7,Sunday,1514.0,1486.0
B005,2025-02-16,7,Sunday,1136.0,1112.0
B006,2025-02-16,7,Sunday,1439.0,1420.0
B001,2025-02-17,8,Monday,1666.0,1677.0
B002,2025-02-17,8,Monday,1893.0,1962.0
B003,2025-02-17,8,Monday,2271.0,2217.0
B004,2025-02-17,8,Monday,1514.0,1474.0
B005,2025-02-17,8,Monday,1136.0,1103.0
B006,2025-02-17,8,Monday,1439.0,1413.0
B001,2025-02-18,8,Tuesday,1666.0,1680.0
B002,2025-02-18,8,Tuesday,1893.0,1957.0
B003,2025-02-18,8,Tuesday,2271.0,2383.0
B004,2025-02-18,8,Tuesday,1514.0,1538.0
B005,2025-02-18,8,Tuesday,1136.0,1165.0
B006,2025-02-18,8,Tuesday,1439.0,1427.0
B001,2025-02-19,8,Wednesday,1666.0,1669.0
B002,2025-02-19,8,Wednesday,1893.0,1875.0
B003,2025-02-19,8,Wednesday,2271.0,2303.0
B004,2025-02-19,8,Wednesday,1514.0,1559.0
B005,2025-02-19,8,Wednesday,1136.0,1112.0
B006,2025-02-19,8,Wednesday,1439.0,1458.0
B001,2025-02-20,8,Thursday,1666.0,1641.0
B002,2025-02-20,8,Thursday,1893.0,1944.0
B003,2025-02-20,8,Thursday,2271.0,2274.0
B004,2025-02-20,8,Thursday,1514.0,1512.0
B005,2025-02-20,8,Thursday,1136.0,1143.0
B006,2025-02-20,8,Thursday,1439.0,1444.0
B001,2025-02-21,8,Friday,1666.0,1669.0
B002,2025-02-21,8,Friday,1893.0,1961.0
B003,2025-02-21,8,Friday,2271.0,2281.0
B004,2025-02-21,8,Friday,1514.0,1551.0
B005,2025-02-21,8,Friday,1136.0,1118.0
B006,2025-02-21,8,Friday,1439.0,1495.0
B001,2025-02-22,8,Saturday,1666.0,1725.0
B002,2025-02-22,8,Saturday,1893.0,1850.0
B003,2025-02-22,8,Saturday,2271.0,2369.0
B004,2025-02-22,8,Saturday,1514.0,1502.0
B005,2025-02-22,8,Saturday,1136.0,1116.0
B006,2025-02-22,8,Saturday,1439.0,1424.0
B001,2025-02-23,8,Sunday,1666.0,1727.0
B002,2025-02-23,8,Sunday,1893.0,1945.0
B003,2025-02-23,8,Sunday,2271.0,2349.0
B004,2025-02-23,8,Sunday,1514.0,1549.0
B005,2025-02-23,8,Sunday,1136.0,1160.0
B006,2025-02-23,8,Sunday,1439.0,1476.0
B001,2025-02-24,9,Monday,1666.0,1716.0
B002,2025-02-24,9,Monday,1893.0,1837.0
B003,2025-02-24,9,Monday,2271.0,2374.0
B004,2025-02-24,9,Monday,1514.0,1491.0
B005,2025-02-24,9,Monday,1136.0,1182.0
B006,2025-02-24,9,Monday,1439.0,1429.0
B001,2025-02-25,9,Tuesday,1666.0,1683.0
B002,2025-02-25,9,Tuesday,1893.0,1880.0
B003,2025-02-25,9,Tuesday,2271.0,2222.0
B004,2025-02-25,9,Tuesday,1514.0,1589.0
B005,2025-02-25,9,Tuesday,1136.0,1120.0
B006,2025-02-25,9,Tuesday,1439.0,1416.0
B001,2025-02-26,9,Wednesday,1666.0,1695.0
B002,2025-02-26,9,Wednesday,1893.0,1875.0
B003,2025-02-26,9,Wednesday,2271.0,2251.0
B004,2025-02-26,9,Wednesday,1514.0,1497.0
B005,2025-02-26,9,Wednesday,1136.0,1141.0
B006,2025-02-26,9,Wednesday,1439.0,1412.0
B001,2025-02-27,9,Thursday,1666.0,1665.0
B002,2025-02-27,9,Thursday,1893.0,1973.0
B003,2025-02-27,9,Thursday,2271.0,2307.0
B004,2025-02-27,9,Thursday,1514.0,1526.0
B005,2025-02-27,9,Thursday,1136.0,1138.0
B006,2025-02-27,9,Thursday,1439.0,1506.0
B001,2025-02-28,9,Friday,1666.0,1710.0
B002,2025-02-28,9,Friday,1893.0,1925.0
B003,2025-02-28,9,Friday,2271.0,2326.0
B004,2025-02-28,9,Friday,1514.0,1570.0
B005,2025-02-28,9,Friday,1136.0,1173.0
B006,2025-02-28,9,Friday,1439.0,1507.0
B001,2025-03-01,9,Saturday,1666.0,1701.0
B002,2025-03-01,9,Saturday,1893.0,1960.0
B003,2025-03-01,9,Saturday,2271.0,2248.0
B004,2025-03-01,9,Saturday,1514.0,1516.0
B005,2025-03-01,9,Saturday,1136.0,1178.0
B006,2025-03-01,9,Saturday,1439.0,1423.0
B001,2025-03-02,9,Sunday,1666.0,1667.0
B002,2025-03-02,9,Sunday,1893.0,1859.0
B003,2025-03-02,9,Sunday,2271.0,2239.0
B004,2025-03-02,9,Sunday,1514.0,1480.0
B005,2025-03-02,9,Sunday,1136.0,1192.0
B006,2025-03-02,9,Sunday,1439.0,1472.0
B001,2025-03-03,10,Monday,1666.0,1747.0
B002,2025-03-03,10,Monday,1893.0,1881.0
B003,2025-03-03,10,Monday,2271.0,2300.0
B004,2025-03-03,10,Monday,1514.0,1567.0
B005,2025-03-03,10,Monday,1136.0,1123.0
B006,2025-03-03,10,Monday,1439.0,1487.0
B001,2025-03-04,10,Tuesday,1666.0,1700.0
B002,2025-03-04,10,Tuesday,1893.0,1910.0
B003,2025-03-04,10,Tuesday,2271.0,2239.0
B004,2025-03-04,10,Tuesday,1514.0,1518.0
B005,2025-03-04,10,Tuesday,1136.0,1173.0
B006,2025-03-04,10,Tuesday,1439.0,1502.0
B001,2025-03-05,10,Wednesday,1666.0,1637.0
B002,2025-03-05,10,Wednesday,1893.0,1874.0
B003,2025-03-05,10,Wednesday,2271.0,2366.0
B004,2025-03-05,10,Wednesday,1514.0,1588.0
B005,2025-03-05,10,Wednesday,1136.0,1184.0
B006,2025-03-05,10,Wednesday,1439.0,1505.0
B001,2025-03-06,10,Thursday,1666.0,1649.0
B002,2025-03-06,10,Thursday,1893.0,1866.0
B003,2025-03-06,10,Thursday,2271.0,2315.0
B004,2025-03-06,10,Thursday,1514.0,1479.0
B005,2025-03-06,10,Thursday,1136.0,1103.0
B006,2025-03-06,10,Thursday,1439.0,1493.0
B001,2025-03-07,10,Friday,1666.0,1643.0
B002,2025-03-07,10,Friday,1893.0,1890.0
B003,2025-03-07,10,Friday,2271.0,2367.0
B004,2025-03-07,10,Friday,1514.0,1572.0
B005,2025-03-07,10,Friday,1136.0,1174.0
B006,2025-03-07,10,Friday,1439.0,1428.0
B001,2025-03-08,10,Saturday,1666.0,1684.0
B002,2025-03-08,10,Saturday,1893.0,1859.0
B003,2025-03-08,10,Saturday,2271.0,2328.0
B004,2025-03-08,10,Saturday,1514.0,1545.0
B005,2025-03-08,10,Saturday,1136.0,1139.0
B006,2025-03-08,10,Saturday,1439.0,1495.0
B001,2025-03-09,10,Sunday,1666.0,1711.0
B002,2025-03-09,10,Sunday,1893.0,1972.0
B003,2025-03-09,10,Sunday,2271.0,2321.0
B004,2025-03-09,10,Sunday,1514.0,1544.0
B005,2025-03-09,10,Sunday,1136.0,1122.0
B006,2025-03-09,10,Sunday,1439.0,1470.0
B001,2025-03-10,11,Monday,1666.0,1671.0
B002,2025-03-10,11,Monday,1893.0,1846.0
B003,2025-03-10,11,Monday,2271.0,2225.0
B004,2025-03-10,11,Monday,1514.0,1547.0
B005,2025-03-10,11,Monday,1136.0,1127.0
B006,2025-03-10,11,Monday,1439.0,1490.0
B001,2025-03-11,11,Tuesday,1666.0,1651.0
B002,2025-03-11,11,Tuesday,1893.0,1880.0
B003,2025-03-11,11,Tuesday,2271.0,2283.0
B004,2025-03-11,11,Tuesday,1514.0,1525.0
B005,2025-03-11,11,Tuesday,1136.0,1166.0
B006,2025-03-11,11,Tuesday,1439.0,1496.0
B001,2025-03-12,11,Wednesday,1666.0,1723.0
B002,2025-03-12,11,Wednesday,1893.0,1856.0
B003,2025-03-12,11,Wednesday,2271.0,2329.0
B004,2025-03-12,11,Wednesday,1514.0,1551.0
B005,2025-03-12,11,Wednesday,1136.0,1182.0
B006,2025-03-12,11,Wednesday,1439.0,1443.0
B001,2025-03-13,11,Thursday,1666.0,1620.0
B002,2025-03-13,11,Thursday,1893.0,1892.0
B003,2025-03-13,11,Thursday,2271.0,2210.0
B004,2025-03-13,11,Thursday,1514.0,1575.0
B005,2025-03-13,11,Thursday,1136.0,1175.0
B006,2025-03-13,11,Thursday,1439.0,1448.0
B001,2025-03-14,11,Friday,1666.0,1715.0
B002,2025-03-14,11,Friday,1893.0,1987.0
B003,2025-03-14,11,Friday,2271.0,2245.0
B004,2025-03-14,11,Friday,1514.0,1574.0
B005,2025-03-14,11,Friday,1136.0,1131.0
B006,2025-03-14,11,Friday,1439.0,1449.0
B001,2025-03-15,11,Saturday,1666.0,1734.0
B002,2025-03-15,11,Saturday,1893.0,1893.0
B003,2025-03-15,11,Saturday,2271.0,2379.0
B004,2025-03-15,11,Saturday,1514.0,1544.0
B005,2025-03-15,11,Saturday,1136.0,1104.0
B006,2025-03-15,11,Saturday,1439.0,1444.0
B001,2025-03-16,11,Sunday,1666.0,1716.0
B002,2025-03-16,11,Sunday,1893.0,1889.0
B003,2025-03-16,11,Sunday,2271.0,2278.0
B004,2025-03-16,11,Sunday,1514.0,1517.0
B005,2025-03-16,11,Sunday,1136.0,1155.0
B006,2025-03-16,11,Sunday,1439.0,1485.0
B001,2025-03-17,12,Monday,1666.0,1701.0
B002,2025-03-17,12,Monday,1893.0,1961.0
B003,2025-03-17,12,Monday,2271.0,2272.0
B004,2025-03-17,12,Monday,1514.0,1499.0
B005,2025-03-17,12,Monday,1136.0,1191.0
B006,2025-03-17,12,Monday,1439.0,1459.0
B001,2025-03-18,12,Tuesday,1666.0,1743.0
B002,2025-03-18,12,Tuesday,1893.0,1945.0
B003,2025-03-18,12,Tuesday,2271.0,2269.0
B004,2025-03-18,12,Tuesday,1514.0,1514.0
B005,2025-03-18,12,Tuesday,1136.0,1112.0
B006,2025-03-18,12,Tuesday,1439.0,1403.0
B001,2025-03-19,12,Wednesday,1666.0,1719.0
B002,2025-03-19,12,Wednesday,1893.0,1975.0
B003,2025-03-19,12,Wednesday,2271.0,2233.0
B004,2025-03-19,12,Wednesday,1514.0,1497.0
B005,2025-03-19,12,Wednesday,1136.0,1119.0
B006,2025-03-19,12,Wednesday,1439.0,1427.0
B001,2025-03-20,12,Thursday,1666.0,1738.0
B002,2025-03-20,12,Thursday,1893.0,1924.0
B003,2025-03-20,12,Thursday,2271.0,2267.0
B004,2025-03-20,12,Thursday,1514.0,1554.0
B005,2025-03-20,12,Thursday,1136.0,1126.0
B006,2025-03-20,12,Thursday,1439.0,1471.0
B001,2025-03-21,12,Friday,1666.0,1719.0
B002,2025-03-21,12,Friday,1893.0,1952.0
B003,2025-03-21,12,Friday,2271.0,2301.0
B004,2025-03-21,12,Friday,1514.0,1544.0
B005,2025-03-21,12,Friday,1136.0,1113.0
B006,2025-03-21,12,Friday,1439.0,1501.0
B001,2025-03-22,12,Saturday,1666.0,1735.0
B002,2025-03-22,12,Saturday,1893.0,1962.0
B003,2025-03-22,12,Saturday,2271.0,2332.0
B004,2025-03-22,12,Saturday,1514.0,1588.0
B005,2025-03-22,12,Saturday,1136.0,1170.0
B006,2025-03-22,12,Saturday,1439.0,1461.0
B001,2025-03-23,12,Sunday,1666.0,1693.0
B002,2025-03-23,12,Sunday,1893.0,1906.0
B003,2025-03-23,12,Sunday,2271.0,2339.0
B004,2025-03-23,12,Sunday,1514.0,1589.0
B005,2025-03-23,12,Sunday,1136.0,1185.0
B006,2025-03-23,12,Sunday,1439.0,1423.0
B001,2025-03-24,13,Monday,1666.0,1641.0
B002,2025-03-24,13,Monday,1893.0,1965.0
B003,2025-03-24,13,Monday,2271.0,2370.0
B004,2025-03-24,13,Monday,1514.0,1564.0
B005,2025-03-24,13,Monday,1136.0,1181.0
B006,2025-03-24,13,Monday,1439.0,1437.0
B001,2025-03-25,13,Tuesday,1666.0,1715.0
B002,2025-03-25,13,Tuesday,1893.0,1879.0
B003,2025-03-25,13,Tuesday,2271.0,2234.0
B004,2025-03-25,13,Tuesday,1514.0,1562.0
B005,2025-03-25,13,Tuesday,1136.0,1192.0
B006,2025-03-25,13,Tuesday,1439.0,1463.0
B001,2025-03-26,13,Wednesday,1666.0,1723.0
B002,2025-03-26,13,Wednesday,1893.0,1908.0
B003,2025-03-26,13,Wednesday,2271.0,2282.0
B004,2025-03-26,13,Wednesday,1514.0,1495.0
B005,2025-03-26,13,Wednesday,1136.0,1154.0
B006,2025-03-26,13,Wednesday,1439.0,1489.0
B001,2025-03-27,13,Thursday,1666.0,1634.0
B002,2025-03-27,13,Thursday,1893.0,1885.0
B003,2025-03-27,13,Thursday,2271.0,2294.0
B004,2025-03-27,13,Thursday,1514.0,1486.0
B005,2025-03-27,13,Thursday,1136.0,1154.0
B006,2025-03-27,13,Thursday,1439.0,1454.0
B001,2025-03-28,13,Friday,1666.0,1624.0
B002,2025-03-28,13,Friday,1893.0,1915.0
B003,2025-03-28,13,Friday,2271.0,2204.0
B004,2025-03-28,13,Friday,1514.0,1527.0
B005,2025-03-28,13,Friday,1136.0,1161.0
B006,2025-03-28,13,Friday,1439.0,1458.0
B001,2025-03-29,13,Saturday,1666.0,1635.0
B002,2025-03-29,13,Saturday,1893.0,1894.0
B003,2025-03-29,13,Saturday,2271.0,2270.0
B004,2025-03-29,13,Saturday,1514.0,1482.0
B005,2025-03-29,13,Saturday,1136.0,1118.0
B006,2025-03-29,13,Saturday,1439.0,1496.0
B001,2025-03-30,13,Sunday,1666.0,1746.0
B002,2025-03-30,13,Sunday,1893.0,1915.0
B003,2025-03-30,13,Sunday,2271.0,2203.0
B004,2025-03-30,13,Sunday,1514.0,1492.0
B005,2025-03-30,13,Sunday,1136.0,1140.0
B006,2025-03-30,13,Sunday,1439.0,1403.0
